{
    "foreground_intensity_properties_per_channel": {
        "0": {
            "max": 7844.0,
            "mean": -739.1646728515625,
            "median": -834.0,
            "min": -1485.0,
            "percentile_00_5": -989.0,
            "percentile_99_5": 380.0,
            "std": 263.80792236328125
        }
    },
    "median_relative_size_after_cropping": 1.0,
    "shapes_after_crop": [
        [
            253,
            512,
            512
        ],
        [
            297,
            512,
            512
        ],
        [
            533,
            512,
            512
        ],
        [
            333,
            512,
            512
        ],
        [
            350,
            512,
            512
        ],
        [
            545,
            512,
            512
        ],
        [
            476,
            512,
            512
        ],
        [
            265,
            512,
            512
        ],
        [
            608,
            512,
            512
        ],
        [
            513,
            512,
            512
        ],
        [
            476,
            512,
            512
        ],
        [
            363,
            512,
            512
        ],
        [
            249,
            512,
            512
        ],
        [
            233,
            512,
            512
        ],
        [
            257,
            512,
            512
        ],
        [
            257,
            512,
            512
        ],
        [
            249,
            512,
            512
        ],
        [
            451,
            512,
            512
        ],
        [
            510,
            512,
            512
        ],
        [
            265,
            512,
            512
        ],
        [
            281,
            512,
            512
        ],
        [
            269,
            512,
            512
        ],
        [
            360,
            512,
            512
        ],
        [
            388,
            512,
            512
        ],
        [
            225,
            512,
            512
        ],
        [
            426,
            512,
            512
        ],
        [
            401,
            512,
            512
        ],
        [
            476,
            512,
            512
        ],
        [
            426,
            512,
            512
        ],
        [
            475,
            512,
            512
        ],
        [
            388,
            512,
            512
        ],
        [
            426,
            512,
            512
        ],
        [
            301,
            512,
            512
        ],
        [
            451,
            512,
            512
        ],
        [
            426,
            512,
            512
        ],
        [
            241,
            512,
            512
        ],
        [
            451,
            512,
            512
        ],
        [
            456,
            512,
            512
        ],
        [
            289,
            512,
            512
        ],
        [
            257,
            512,
            512
        ],
        [
            451,
            512,
            512
        ],
        [
            325,
            512,
            512
        ],
        [
            388,
            512,
            512
        ],
        [
            463,
            512,
            512
        ],
        [
            400,
            512,
            512
        ],
        [
            281,
            512,
            512
        ],
        [
            426,
            512,
            512
        ],
        [
            376,
            512,
            512
        ],
        [
            281,
            512,
            512
        ],
        [
            438,
            512,
            512
        ],
        [
            265,
            512,
            512
        ],
        [
            376,
            512,
            512
        ],
        [
            388,
            512,
            512
        ],
        [
            355,
            512,
            512
        ],
        [
            241,
            512,
            512
        ],
        [
            426,
            512,
            512
        ],
        [
            388,
            512,
            512
        ],
        [
            233,
            512,
            512
        ],
        [
            365,
            512,
            512
        ],
        [
            340,
            512,
            512
        ],
        [
            265,
            512,
            512
        ],
        [
            451,
            512,
            512
        ],
        [
            426,
            512,
            512
        ],
        [
            360,
            512,
            512
        ],
        [
            365,
            512,
            512
        ],
        [
            413,
            512,
            512
        ],
        [
            370,
            512,
            512
        ],
        [
            451,
            512,
            512
        ],
        [
            289,
            512,
            512
        ],
        [
            289,
            512,
            512
        ],
        [
            902,
            512,
            512
        ],
        [
            344,
            512,
            512
        ],
        [
            451,
            512,
            512
        ],
        [
            380,
            512,
            512
        ],
        [
            269,
            512,
            512
        ],
        [
            501,
            512,
            512
        ],
        [
            363,
            512,
            512
        ],
        [
            494,
            512,
            512
        ],
        [
            501,
            512,
            512
        ],
        [
            388,
            512,
            512
        ],
        [
            361,
            512,
            512
        ],
        [
            261,
            512,
            512
        ],
        [
            390,
            512,
            512
        ],
        [
            501,
            512,
            512
        ],
        [
            405,
            512,
            512
        ],
        [
            388,
            512,
            512
        ],
        [
            451,
            512,
            512
        ],
        [
            726,
            512,
            512
        ],
        [
            281,
            512,
            512
        ],
        [
            313,
            512,
            512
        ],
        [
            388,
            512,
            512
        ],
        [
            293,
            512,
            512
        ],
        [
            476,
            512,
            512
        ],
        [
            307,
            512,
            512
        ],
        [
            423,
            512,
            512
        ],
        [
            438,
            512,
            512
        ],
        [
            361,
            512,
            512
        ],
        [
            363,
            512,
            512
        ],
        [
            270,
            512,
            512
        ],
        [
            451,
            512,
            512
        ]
    ],